epoch,time,train/box_loss,train/cls_loss,train/dfl_loss,metrics/precision(B),metrics/recall(B),metrics/mAP50(B),metrics/mAP50-95(B),val/box_loss,val/cls_loss,val/dfl_loss,lr/pg0,lr/pg1,lr/pg2
1,8.54387,0.93513,3.21821,1.05791,0.00552,1,0.17836,0.11946,0.93827,3.31266,0.85996,0.000463056,0.000463056,0.000463056
2,18.3254,0.95846,1.9199,1.02963,0.0055,1,0.66529,0.49728,0.74115,2.69472,0.88291,0.000978381,0.000978381,0.000978381
3,27.0371,0.86062,1.49192,1.01346,0.65966,0.36337,0.67416,0.49198,0.76858,2.43839,0.87411,0.0014497,0.0014497,0.0014497
4,35.0489,0.80143,1.37942,1.02032,0.00567,0.97222,0.6655,0.42829,0.76266,2.55331,0.89427,0.00146896,0.00146896,0.00146896
5,43.2115,0.70814,1.181,0.99176,0.80776,0.61339,0.79056,0.62102,0.60938,2.26546,0.86011,0.00140295,0.00140295,0.00140295
6,51.532,0.68049,1.03894,0.97603,0.88441,0.68293,0.86979,0.80247,0.45391,2,0.78606,0.00133693,0.00133693,0.00133693
7,59.5552,0.60665,0.92241,0.93205,0.72268,0.50017,0.66698,0.58723,0.50745,2.03911,0.80469,0.00127092,0.00127092,0.00127092
8,67.9849,0.61483,0.89943,0.93277,1,0.78855,0.96273,0.85698,0.50865,1.70855,0.81233,0.00120491,0.00120491,0.00120491
9,76.8945,0.61847,0.81977,0.93826,1,0.82259,0.9837,0.8755,0.51107,1.66016,0.81312,0.00113889,0.00113889,0.00113889
10,85.7505,0.64977,0.86953,0.97317,0.92028,0.79261,0.97702,0.87423,0.4489,1.64661,0.79246,0.00107288,0.00107288,0.00107288
11,94.4465,0.59148,0.73821,0.94191,0.93461,0.82535,0.98235,0.89705,0.41508,1.63688,0.78841,0.00100687,0.00100687,0.00100687
12,103.723,0.55831,0.77908,0.95214,0.94714,0.9359,0.99368,0.89908,0.4156,1.26387,0.78894,0.000940855,0.000940855,0.000940855
13,112.524,0.52965,0.72726,0.91927,0.95077,0.93824,0.995,0.90506,0.37815,1.11886,0.77736,0.000874842,0.000874842,0.000874842
14,121.144,0.51178,0.66337,0.91339,0.9757,0.99385,0.995,0.92529,0.36975,0.77964,0.77127,0.000808828,0.000808828,0.000808828
15,130.301,0.47437,0.66242,0.90295,0.99604,0.97151,0.99368,0.92197,0.35339,0.71086,0.76997,0.000742815,0.000742815,0.000742815
16,147.43,0.397,0.71956,0.85281,0.99048,0.97222,0.99368,0.9387,0.3486,0.68086,0.76317,0.000676802,0.000676802,0.000676802
17,156.906,0.35565,0.66591,0.82641,0.9927,0.97037,0.99368,0.96075,0.32789,0.68808,0.75645,0.000610789,0.000610789,0.000610789
18,165.437,0.34829,0.68207,0.84741,0.98248,0.96953,0.99368,0.96506,0.27189,0.6815,0.75141,0.000544776,0.000544776,0.000544776
19,173.615,0.35998,0.63911,0.83378,0.98102,0.96867,0.99368,0.96983,0.27755,0.66077,0.75506,0.000478762,0.000478762,0.000478762
20,181.736,0.35907,0.62131,0.82585,0.98753,0.97018,0.99368,0.9615,0.29502,0.5953,0.76561,0.000412749,0.000412749,0.000412749
21,189.921,0.37489,0.62513,0.83977,0.99175,0.97179,0.99368,0.9521,0.31358,0.57999,0.76894,0.000346736,0.000346736,0.000346736
22,198.025,0.36374,0.59665,0.82818,0.99385,0.97222,0.99368,0.93764,0.32242,0.58529,0.77159,0.000280723,0.000280723,0.000280723
23,206.508,0.33612,0.57632,0.82438,0.99392,0.97222,0.99368,0.95169,0.3002,0.58463,0.76865,0.00021471,0.00021471,0.00021471
24,214.829,0.32096,0.59593,0.8553,0.99419,0.97222,0.99368,0.97249,0.25191,0.56919,0.76193,0.000148696,0.000148696,0.000148696
25,223.233,0.29166,0.56785,0.83804,0.99423,0.97222,0.99368,0.97269,0.23982,0.56036,0.76053,8.26832e-05,8.26832e-05,8.26832e-05
